{
  "timestamp": "20260626_181137",
  "title": "3-Coloring Gadget (A-B-C triangle)",
  "mode": "big_m",
  "inputs": {
    "num_objectives": 6,
    "objectives": [
      "o_A",
      "o_B",
      "o_C",
      "o_R",
      "o_G",
      "o_Bl"
    ],
    "num_plans": 39,
    "num_comparisons": 24
  },
  "model_stats": {
    "num_variables": 1704,
    "num_constraints": 5638
  },
  "result": {
    "status": "OPTIMAL",
    "feasible": true,
    "optimal": true,
    "objective_value": 3.0,
    "preorder_size": 3,
    "preorder_edges": [
      [
        "o_A",
        "o_R"
      ],
      [
        "o_B",
        "o_Bl"
      ],
      [
        "o_C",
        "o_G"
      ]
    ]
  },
  "timing": {
    "construction_time_sec": 0.057100125,
    "solver_time_sec": 0.017071084000000014,
    "total_time_sec": 0.07428658299999999,
    "detailed_intervals": {
      "variable_creation": 0.0027920419999999946,
      "transitivity_constraints": 0.0009824999999999973,
      "y_computation_constraints": 0.04642791700000001,
      "comparison_constraints": 0.005904749999999986,
      "budget_constraint": 1.9415999999994327e-05,
      "constraint_addition": 0.05333729200000001,
      "total_build": 0.05706908399999999,
      "solver_time": 0.016813083000000006
    }
  }
}