{
  "timestamp": "20260626_183210",
  "title": "3-Coloring Gadget (A-B-C triangle)",
  "mode": "big_m",
  "inputs": {
    "num_objectives": 6,
    "objectives": [
      "o_A",
      "o_B",
      "o_C",
      "o_R",
      "o_G",
      "o_Bl"
    ],
    "num_plans": 39,
    "num_comparisons": 24,
    "k": 3
  },
  "model_stats": {
    "num_variables": 1704,
    "num_constraints": 5638
  },
  "result": {
    "status": "OPTIMAL",
    "feasible": true,
    "optimal": true,
    "objective_value": 3.0,
    "preorder_size": 3,
    "preorder_edges": [
      [
        "o_A",
        "o_R"
      ],
      [
        "o_B",
        "o_Bl"
      ],
      [
        "o_C",
        "o_G"
      ]
    ]
  },
  "timing": {
    "construction_time_sec": 0.056884791000000004,
    "solver_time_sec": 0.015510374999999993,
    "total_time_sec": 0.07251745899999999,
    "detailed_intervals": {
      "variable_creation": 0.0030101250000000024,
      "transitivity_constraints": 0.0009437080000000014,
      "y_computation_constraints": 0.04541812499999999,
      "comparison_constraints": 0.006540917000000007,
      "budget_constraint": 2.1041999999998895e-05,
      "constraint_addition": 0.052928292000000016,
      "total_build": 0.056856458,
      "solver_time": 0.015260084000000007
    }
  }
}