{
  "timestamp": "20260626_183237",
  "title": "3-Coloring Gadget (A-B-C triangle)",
  "mode": "big_m",
  "inputs": {
    "num_objectives": 6,
    "objectives": [
      "o_A",
      "o_B",
      "o_C",
      "o_R",
      "o_G",
      "o_Bl"
    ],
    "num_plans": 39,
    "num_comparisons": 24,
    "k": 3
  },
  "model_stats": {
    "num_variables": 1704,
    "num_constraints": 5638
  },
  "result": {
    "status": "OPTIMAL",
    "feasible": true,
    "optimal": true,
    "objective_value": 3.0,
    "preorder_size": 3,
    "preorder_edges": [
      [
        "o_A",
        "o_R"
      ],
      [
        "o_B",
        "o_Bl"
      ],
      [
        "o_C",
        "o_G"
      ]
    ]
  },
  "timing": {
    "construction_time_sec": 0.05638708299999999,
    "solver_time_sec": 0.01423687500000001,
    "total_time_sec": 0.07072562500000001,
    "detailed_intervals": {
      "variable_creation": 0.0028871250000000043,
      "transitivity_constraints": 0.0009170000000000011,
      "y_computation_constraints": 0.045942125,
      "comparison_constraints": 0.0056857080000000115,
      "budget_constraint": 1.9083999999974788e-05,
      "constraint_addition": 0.05256925000000001,
      "total_build": 0.05635987500000002,
      "solver_time": 0.013993832999999983
    }
  }
}