{
  "timestamp": "20260625_210532",
  "title": "Coloring (k=3)",
  "mode": "big_m",
  "inputs": {
    "num_objectives": 6,
    "objectives": [
      "o_A",
      "o_B",
      "o_C",
      "o_R",
      "o_G",
      "o_Bl"
    ],
    "num_plans": 39,
    "num_comparisons": 24
  },
  "model_stats": {
    "num_variables": 1704,
    "num_constraints": 5638
  },
  "result": {
    "status": "OPTIMAL",
    "feasible": true,
    "optimal": true,
    "objective_value": 3.0,
    "preorder_size": 3,
    "preorder_edges": [
      [
        "o_A",
        "o_R"
      ],
      [
        "o_B",
        "o_Bl"
      ],
      [
        "o_C",
        "o_G"
      ]
    ]
  },
  "timing": {
    "construction_time_sec": 0.08783683400000003,
    "solver_time_sec": 0.023485166999999973,
    "total_time_sec": 0.11148041700000003,
    "detailed_intervals": {
      "variable_creation": 0.004202874999999995,
      "transitivity_constraints": 0.0014979580000000214,
      "y_computation_constraints": 0.07157187499999998,
      "comparison_constraints": 0.009035832999999993,
      "budget_constraint": 2.7917000000043934e-05,
      "constraint_addition": 0.082135333,
      "total_build": 0.08779487500000002,
      "solver_time": 0.023068957999999973
    }
  }
}