{
  "timestamp": "20260626_181209",
  "title": "Paper Hasse Diagram Example (3 objectives)",
  "mode": "big_m",
  "inputs": {
    "num_objectives": 3,
    "objectives": [
      "o1",
      "o2",
      "o3"
    ],
    "num_plans": 2,
    "num_comparisons": 1
  },
  "model_stats": {
    "num_variables": 27,
    "num_constraints": 71
  },
  "result": {
    "status": "OPTIMAL",
    "feasible": true,
    "optimal": true,
    "objective_value": 2.0,
    "preorder_size": 2,
    "preorder_edges": [
      [
        "o1",
        "o2"
      ],
      [
        "o3",
        "o2"
      ]
    ]
  },
  "timing": {
    "construction_time_sec": 0.012542999999999999,
    "solver_time_sec": 0.0073178750000000015,
    "total_time_sec": 0.02000904099999999,
    "detailed_intervals": {
      "variable_creation": 0.008872833999999996,
      "transitivity_constraints": 0.0012385000000000035,
      "y_computation_constraints": 0.0005392909999999973,
      "comparison_constraints": 8.183400000000285e-05,
      "budget_constraint": 8.499999999994623e-06,
      "constraint_addition": 0.0018689159999999982,
      "total_build": 0.012535874999999988,
      "solver_time": 0.007271125000000003
    }
  }
}