{
  "timestamp": "20260625_210532",
  "title": "Paper (k=3)",
  "mode": "big_m",
  "inputs": {
    "num_objectives": 3,
    "objectives": [
      "o1",
      "o2",
      "o3"
    ],
    "num_plans": 2,
    "num_comparisons": 1
  },
  "model_stats": {
    "num_variables": 27,
    "num_constraints": 71
  },
  "result": {
    "status": "OPTIMAL",
    "feasible": true,
    "optimal": true,
    "objective_value": 2.0,
    "preorder_size": 2,
    "preorder_edges": [
      [
        "o1",
        "o2"
      ],
      [
        "o3",
        "o2"
      ]
    ]
  },
  "timing": {
    "construction_time_sec": 0.018579749999999978,
    "solver_time_sec": 0.00880025000000001,
    "total_time_sec": 0.027685457999999996,
    "detailed_intervals": {
      "variable_creation": 0.013230915999999981,
      "transitivity_constraints": 0.001832042000000006,
      "y_computation_constraints": 0.0010615419999999987,
      "comparison_constraints": 0.0001355000000000106,
      "budget_constraint": 1.4207999999987786e-05,
      "constraint_addition": 0.0030444170000000215,
      "total_build": 0.018567791,
      "solver_time": 0.008581333999999996
    }
  }
}