{
  "timestamp": "20260626_183210",
  "title": "Paper Hasse Diagram Example (3 objectives)",
  "mode": "big_m",
  "inputs": {
    "num_objectives": 3,
    "objectives": [
      "o1",
      "o2",
      "o3"
    ],
    "num_plans": 2,
    "num_comparisons": 1,
    "k": 3
  },
  "model_stats": {
    "num_variables": 27,
    "num_constraints": 71
  },
  "result": {
    "status": "OPTIMAL",
    "feasible": true,
    "optimal": true,
    "objective_value": 2.0,
    "preorder_size": 2,
    "preorder_edges": [
      [
        "o1",
        "o2"
      ],
      [
        "o3",
        "o2"
      ]
    ]
  },
  "timing": {
    "construction_time_sec": 0.013075083000000001,
    "solver_time_sec": 0.007325499999999999,
    "total_time_sec": 0.020666875,
    "detailed_intervals": {
      "variable_creation": 0.009396291000000001,
      "transitivity_constraints": 0.0012195839999999958,
      "y_computation_constraints": 0.0005382079999999984,
      "comparison_constraints": 8.195799999999309e-05,
      "budget_constraint": 8.334000000012609e-06,
      "constraint_addition": 0.0018486669999999983,
      "total_build": 0.013067749999999989,
      "solver_time": 0.007152459
    }
  }
}