{
  "timestamp": "20260626_183237",
  "title": "Paper Hasse Diagram Example (3 objectives)",
  "mode": "big_m",
  "inputs": {
    "num_objectives": 3,
    "objectives": [
      "o1",
      "o2",
      "o3"
    ],
    "num_plans": 2,
    "num_comparisons": 1,
    "k": 3
  },
  "model_stats": {
    "num_variables": 27,
    "num_constraints": 71
  },
  "result": {
    "status": "OPTIMAL",
    "feasible": true,
    "optimal": true,
    "objective_value": 2.0,
    "preorder_size": 2,
    "preorder_edges": [
      [
        "o1",
        "o2"
      ],
      [
        "o3",
        "o2"
      ]
    ]
  },
  "timing": {
    "construction_time_sec": 0.010562417000000004,
    "solver_time_sec": 0.007428375000000001,
    "total_time_sec": 0.018208875,
    "detailed_intervals": {
      "variable_creation": 0.0076094579999999995,
      "transitivity_constraints": 0.0008962920000000069,
      "y_computation_constraints": 0.0005073329999999987,
      "comparison_constraints": 7.916700000000498e-05,
      "budget_constraint": 1.0374999999993029e-05,
      "constraint_addition": 0.0014937080000000102,
      "total_build": 0.010555375000000006,
      "solver_time": 0.0072470000000000034
    }
  }
}