{
  "timestamp": "20260625_210637",
  "title": "Paper Hasse Diagram Example (3 objectives)",
  "mode": "big_m",
  "inputs": {
    "num_objectives": 3,
    "objectives": [
      "o1",
      "o2",
      "o3"
    ],
    "num_plans": 2,
    "num_comparisons": 1
  },
  "model_stats": {
    "num_variables": 27,
    "num_constraints": 71
  },
  "result": {
    "status": "OPTIMAL",
    "feasible": true,
    "optimal": true,
    "objective_value": 2.0,
    "preorder_size": 2,
    "preorder_edges": [
      [
        "o1",
        "o2"
      ],
      [
        "o3",
        "o2"
      ]
    ]
  },
  "timing": {
    "construction_time_sec": 0.028219083000000006,
    "solver_time_sec": 0.01339083399999999,
    "total_time_sec": 0.04242458299999999,
    "detailed_intervals": {
      "variable_creation": 0.020318417000000005,
      "transitivity_constraints": 0.0021747079999999974,
      "y_computation_constraints": 0.002454708,
      "comparison_constraints": 0.0003662090000000062,
      "budget_constraint": 3.5874999999990775e-05,
      "constraint_addition": 0.005034416000000014,
      "total_build": 0.028196250000000006,
      "solver_time": 0.012997124999999998
    }
  }
}