{
  "timestamp": "20260628_093023",
  "title": "probe n=90",
  "mode": "big_m",
  "inputs": {
    "num_objectives": 90,
    "objectives": [
      "o_1",
      "o_2",
      "o_3",
      "o_4",
      "o_5",
      "o_6",
      "o_7",
      "o_8",
      "o_9",
      "o_10",
      "o_11",
      "o_12",
      "o_13",
      "o_14",
      "o_15",
      "o_16",
      "o_17",
      "o_18",
      "o_19",
      "o_20",
      "o_21",
      "o_22",
      "o_23",
      "o_24",
      "o_25",
      "o_26",
      "o_27",
      "o_28",
      "o_29",
      "o_30",
      "o_31",
      "o_32",
      "o_33",
      "o_34",
      "o_35",
      "o_36",
      "o_37",
      "o_38",
      "o_39",
      "o_40",
      "o_41",
      "o_42",
      "o_43",
      "o_44",
      "o_45",
      "o_46",
      "o_47",
      "o_48",
      "o_49",
      "o_50",
      "o_51",
      "o_52",
      "o_53",
      "o_54",
      "o_55",
      "o_56",
      "o_57",
      "o_58",
      "o_59",
      "o_60",
      "o_61",
      "o_62",
      "o_63",
      "o_64",
      "o_65",
      "o_66",
      "o_67",
      "o_68",
      "o_69",
      "o_70",
      "o_71",
      "o_72",
      "o_73",
      "o_74",
      "o_75",
      "o_76",
      "o_77",
      "o_78",
      "o_79",
      "o_80",
      "o_81",
      "o_82",
      "o_83",
      "o_84",
      "o_85",
      "o_86",
      "o_87",
      "o_88",
      "o_89",
      "o_90"
    ],
    "num_plans": 360,
    "num_comparisons": 180
  },
  "model_stats": {
    "num_variables": 2956410,
    "num_constraints": 12336840
  },
  "result": {
    "status": "OPTIMAL",
    "feasible": true,
    "optimal": true,
    "objective_value": 0.0,
    "preorder_size": 0,
    "preorder_edges": []
  },
  "verification": {
    "verified": true,
    "preorder_size": 0,
    "num_comparisons_checked": 180,
    "violations": [],
    "num_violations": 0
  },
  "timing": {
    "construction_time_sec": 145.382546875,
    "solver_time_sec": 126.80043833300005,
    "total_time_sec": 272.18825020800006,
    "detailed_intervals": {
      "variable_creation": 4.36620829200001,
      "transitivity_constraints": 6.491020832999993,
      "y_computation_constraints": 130.15578887499998,
      "comparison_constraints": 0.6430087499999786,
      "constraint_addition": 137.28983195799998,
      "total_build": 145.38127687499997,
      "solver_time": 126.71004541699995
    }
  }
}