{
  "timestamp": "20260626_183811",
  "title": "Random n=10",
  "mode": "big_m",
  "inputs": {
    "num_objectives": 10,
    "objectives": [
      "o_1",
      "o_2",
      "o_3",
      "o_4",
      "o_5",
      "o_6",
      "o_7",
      "o_8",
      "o_9",
      "o_10"
    ],
    "num_plans": 32,
    "num_comparisons": 16,
    "k": 6
  },
  "model_stats": {
    "num_variables": 3610,
    "num_constraints": 13233
  },
  "result": {
    "status": "OPTIMAL",
    "feasible": true,
    "optimal": true,
    "objective_value": 0.0,
    "preorder_size": 0,
    "preorder_edges": []
  },
  "timing": {
    "construction_time_sec": 0.21352166699999997,
    "solver_time_sec": 0.03775087500000007,
    "total_time_sec": 0.251486125,
    "detailed_intervals": {
      "variable_creation": 0.00866341599999998,
      "transitivity_constraints": 0.008231084,
      "y_computation_constraints": 0.18710491600000007,
      "comparison_constraints": 0.0071202919999999725,
      "budget_constraint": 8.304199999997763e-05,
      "constraint_addition": 0.20254212500000002,
      "total_build": 0.21347962500000006,
      "solver_time": 0.03737416699999996
    }
  }
}