{
  "timestamp": "20260625_210532",
  "title": "Random (n=5)",
  "mode": "big_m",
  "inputs": {
    "num_objectives": 5,
    "objectives": [
      "o_1",
      "o_2",
      "o_3",
      "o_4",
      "o_5"
    ],
    "num_plans": 16,
    "num_comparisons": 8
  },
  "model_stats": {
    "num_variables": 500,
    "num_constraints": 1597
  },
  "result": {
    "status": "OPTIMAL",
    "feasible": true,
    "optimal": true,
    "objective_value": 0.0,
    "preorder_size": 0,
    "preorder_edges": []
  },
  "timing": {
    "construction_time_sec": 0.025670040999999977,
    "solver_time_sec": 0.00917708300000003,
    "total_time_sec": 0.03492925000000002,
    "detailed_intervals": {
      "variable_creation": 0.0020193329999999565,
      "transitivity_constraints": 0.0007993330000000132,
      "y_computation_constraints": 0.019770167000000005,
      "comparison_constraints": 0.00261441699999998,
      "budget_constraint": 2.145800000002973e-05,
      "constraint_addition": 0.023206625000000036,
      "total_build": 0.025652540999999973,
      "solver_time": 0.008776417000000036
    }
  }
}