{
  "timestamp": "20260624_230213",
  "title": "Scalability n_obj=3 n_comp=5",
  "mode": "big_m",
  "inputs": {
    "num_objectives": 3,
    "objectives": [
      "o_1",
      "o_2",
      "o_3"
    ],
    "num_plans": 10,
    "num_comparisons": 5
  },
  "model_stats": {
    "num_variables": 123,
    "num_constraints": 342
  },
  "result": {
    "status": "INFEASIBLE",
    "feasible": false,
    "optimal": false,
    "objective_value": null,
    "preorder_size": 0,
    "preorder_edges": []
  },
  "timing": {
    "construction_time_sec": 0.016315167000000005,
    "solver_time_sec": 0.005350332999999999,
    "total_time_sec": 0.022162666999999997,
    "detailed_intervals": {
      "variable_creation": 0.00844958300000001,
      "transitivity_constraints": 0.0008950419999999987,
      "y_computation_constraints": 0.004419166000000002,
      "comparison_constraints": 0.0009394999999999959,
      "constraint_addition": 0.006254957999999991,
      "total_build": 0.016298375000000004,
      "solver_time": 0.005324582999999994
    }
  }
}