{
  "timestamp": "20260626_183210",
  "title": "Scalability n_obj=10 n_comp=16",
  "mode": "big_m",
  "inputs": {
    "num_objectives": 10,
    "objectives": [
      "o_1",
      "o_2",
      "o_3",
      "o_4",
      "o_5",
      "o_6",
      "o_7",
      "o_8",
      "o_9",
      "o_10"
    ],
    "num_plans": 32,
    "num_comparisons": 16,
    "k": 6
  },
  "model_stats": {
    "num_variables": 3610,
    "num_constraints": 13233
  },
  "result": {
    "status": "OPTIMAL",
    "feasible": true,
    "optimal": true,
    "objective_value": 0.0,
    "preorder_size": 0,
    "preorder_edges": []
  },
  "timing": {
    "construction_time_sec": 0.13353879200000002,
    "solver_time_sec": 0.042361833000000015,
    "total_time_sec": 0.17603408299999995,
    "detailed_intervals": {
      "variable_creation": 0.004714417000000026,
      "transitivity_constraints": 0.006598832999999971,
      "y_computation_constraints": 0.11352645900000002,
      "comparison_constraints": 0.006638207999999979,
      "budget_constraint": 4.5917000000006425e-05,
      "constraint_addition": 0.12681091699999997,
      "total_build": 0.13351575,
      "solver_time": 0.04198887499999998
    }
  }
}