{
  "timestamp": "20260625_210638",
  "title": "Scalability n_obj=10 n_comp=16",
  "mode": "big_m",
  "inputs": {
    "num_objectives": 10,
    "objectives": [
      "o_1",
      "o_2",
      "o_3",
      "o_4",
      "o_5",
      "o_6",
      "o_7",
      "o_8",
      "o_9",
      "o_10"
    ],
    "num_plans": 32,
    "num_comparisons": 16
  },
  "model_stats": {
    "num_variables": 3610,
    "num_constraints": 13233
  },
  "result": {
    "status": "OPTIMAL",
    "feasible": true,
    "optimal": true,
    "objective_value": 0.0,
    "preorder_size": 0,
    "preorder_edges": []
  },
  "timing": {
    "construction_time_sec": 0.220935875,
    "solver_time_sec": 0.05380558400000002,
    "total_time_sec": 0.274909917,
    "detailed_intervals": {
      "variable_creation": 0.008128665999999951,
      "transitivity_constraints": 0.00999162500000006,
      "y_computation_constraints": 0.18901366699999989,
      "comparison_constraints": 0.010557625000000126,
      "budget_constraint": 6.179199999989393e-05,
      "constraint_addition": 0.20962629200000016,
      "total_build": 0.220897,
      "solver_time": 0.052951916999999904
    }
  }
}