{
  "timestamp": "20260626_183211",
  "title": "Scalability n_obj=15 n_comp=25",
  "mode": "big_m",
  "inputs": {
    "num_objectives": 15,
    "objectives": [
      "o_1",
      "o_2",
      "o_3",
      "o_4",
      "o_5",
      "o_6",
      "o_7",
      "o_8",
      "o_9",
      "o_10",
      "o_11",
      "o_12",
      "o_13",
      "o_14",
      "o_15"
    ],
    "num_plans": 50,
    "num_comparisons": 25,
    "k": 7
  },
  "model_stats": {
    "num_variables": 12210,
    "num_constraints": 47031
  },
  "result": {
    "status": "OPTIMAL",
    "feasible": true,
    "optimal": true,
    "objective_value": 0.0,
    "preorder_size": 0,
    "preorder_edges": []
  },
  "timing": {
    "construction_time_sec": 0.45997583300000006,
    "solver_time_sec": 0.12415791700000012,
    "total_time_sec": 0.5843253749999999,
    "detailed_intervals": {
      "variable_creation": 0.013909041000000011,
      "transitivity_constraints": 0.021911917000000003,
      "y_computation_constraints": 0.402292042,
      "comparison_constraints": 0.014650832999999919,
      "budget_constraint": 9.487500000004978e-05,
      "constraint_addition": 0.438950959,
      "total_build": 0.4599315,
      "solver_time": 0.12339854099999992
    }
  }
}