{
  "timestamp": "20260628_103553",
  "title": "Scalability n_obj=95 n_comp=285",
  "mode": "big_m",
  "inputs": {
    "num_objectives": 95,
    "objectives": [
      "o_1",
      "o_2",
      "o_3",
      "o_4",
      "o_5",
      "o_6",
      "o_7",
      "o_8",
      "o_9",
      "o_10",
      "o_11",
      "o_12",
      "o_13",
      "o_14",
      "o_15",
      "o_16",
      "o_17",
      "o_18",
      "o_19",
      "o_20",
      "o_21",
      "o_22",
      "o_23",
      "o_24",
      "o_25",
      "o_26",
      "o_27",
      "o_28",
      "o_29",
      "o_30",
      "o_31",
      "o_32",
      "o_33",
      "o_34",
      "o_35",
      "o_36",
      "o_37",
      "o_38",
      "o_39",
      "o_40",
      "o_41",
      "o_42",
      "o_43",
      "o_44",
      "o_45",
      "o_46",
      "o_47",
      "o_48",
      "o_49",
      "o_50",
      "o_51",
      "o_52",
      "o_53",
      "o_54",
      "o_55",
      "o_56",
      "o_57",
      "o_58",
      "o_59",
      "o_60",
      "o_61",
      "o_62",
      "o_63",
      "o_64",
      "o_65",
      "o_66",
      "o_67",
      "o_68",
      "o_69",
      "o_70",
      "o_71",
      "o_72",
      "o_73",
      "o_74",
      "o_75",
      "o_76",
      "o_77",
      "o_78",
      "o_79",
      "o_80",
      "o_81",
      "o_82",
      "o_83",
      "o_84",
      "o_85",
      "o_86",
      "o_87",
      "o_88",
      "o_89",
      "o_90",
      "o_91",
      "o_92",
      "o_93",
      "o_94",
      "o_95"
    ],
    "num_plans": 570,
    "num_comparisons": 285
  },
  "model_stats": {
    "num_variables": 5206190,
    "num_constraints": 21352758
  },
  "result": {
    "status": "TIME_LIMIT",
    "feasible": false,
    "optimal": false,
    "objective_value": null,
    "preorder_size": 0,
    "preorder_edges": []
  },
  "verification": null,
  "timing": {
    "construction_time_sec": 272.46222924999984,
    "solver_time_sec": 300.23142725000025,
    "total_time_sec": 572.7473944169997,
    "detailed_intervals": {
      "variable_creation": 9.928417666999849,
      "transitivity_constraints": 10.01093554099998,
      "y_computation_constraints": 241.38831679199984,
      "comparison_constraints": 1.0859037080003873,
      "constraint_addition": 252.4851632499999,
      "total_build": 272.4519882499999,
      "solver_time": 300.21745333399986
    }
  }
}