{
  "timestamp": "20260625_210638",
  "title": "Scalability n_obj=8 n_comp=13",
  "mode": "big_m",
  "inputs": {
    "num_objectives": 8,
    "objectives": [
      "o_1",
      "o_2",
      "o_3",
      "o_4",
      "o_5",
      "o_6",
      "o_7",
      "o_8"
    ],
    "num_plans": 26,
    "num_comparisons": 13
  },
  "model_stats": {
    "num_variables": 1928,
    "num_constraints": 6811
  },
  "result": {
    "status": "OPTIMAL",
    "feasible": true,
    "optimal": true,
    "objective_value": 0.0,
    "preorder_size": 0,
    "preorder_edges": []
  },
  "timing": {
    "construction_time_sec": 0.177838583,
    "solver_time_sec": 0.03774337499999991,
    "total_time_sec": 0.215838541,
    "detailed_intervals": {
      "variable_creation": 0.016078666000000075,
      "transitivity_constraints": 0.010818916999999928,
      "y_computation_constraints": 0.13863075000000002,
      "comparison_constraints": 0.009553667000000043,
      "budget_constraint": 0.0002031249999999707,
      "constraint_addition": 0.15920945899999994,
      "total_build": 0.17778012500000007,
      "solver_time": 0.03730937499999998
    }
  }
}