{
  "timestamp": "20260626_183237",
  "title": "Scalability n_obj=3 n_comp=5",
  "mode": "big_m",
  "inputs": {
    "num_objectives": 3,
    "objectives": [
      "o_1",
      "o_2",
      "o_3"
    ],
    "num_plans": 10,
    "num_comparisons": 5,
    "k": 3
  },
  "model_stats": {
    "num_variables": 114,
    "num_constraints": 331
  },
  "result": {
    "status": "OPTIMAL",
    "feasible": true,
    "optimal": true,
    "objective_value": 1.0,
    "preorder_size": 1,
    "preorder_edges": [
      [
        "o_2",
        "o_3"
      ]
    ]
  },
  "timing": {
    "construction_time_sec": 0.00371654099999999,
    "solver_time_sec": 0.0019103750000000197,
    "total_time_sec": 0.0056709169999999975,
    "detailed_intervals": {
      "variable_creation": 0.0008640419999999815,
      "transitivity_constraints": 7.37500000000113e-05,
      "y_computation_constraints": 0.002276165999999996,
      "comparison_constraints": 0.0004167499999999935,
      "budget_constraint": 7.709000000022392e-06,
      "constraint_addition": 0.00277487500000001,
      "total_build": 0.0037082079999999906,
      "solver_time": 0.0018429169999999995
    }
  }
}