{
  "timestamp": "20260626_181209",
  "title": "Scalability n_obj=10 n_comp=16",
  "mode": "big_m",
  "inputs": {
    "num_objectives": 10,
    "objectives": [
      "o_1",
      "o_2",
      "o_3",
      "o_4",
      "o_5",
      "o_6",
      "o_7",
      "o_8",
      "o_9",
      "o_10"
    ],
    "num_plans": 32,
    "num_comparisons": 16
  },
  "model_stats": {
    "num_variables": 3610,
    "num_constraints": 13233
  },
  "result": {
    "status": "OPTIMAL",
    "feasible": true,
    "optimal": true,
    "objective_value": 0.0,
    "preorder_size": 0,
    "preorder_edges": []
  },
  "timing": {
    "construction_time_sec": 0.12482354200000001,
    "solver_time_sec": 0.032734417000000016,
    "total_time_sec": 0.157657084,
    "detailed_intervals": {
      "variable_creation": 0.004499125000000048,
      "transitivity_constraints": 0.005375583999999989,
      "y_computation_constraints": 0.10649495799999997,
      "comparison_constraints": 0.0064307920000000185,
      "budget_constraint": 4.250000000000087e-05,
      "constraint_addition": 0.11834516699999997,
      "total_build": 0.12480216700000002,
      "solver_time": 0.032379833000000025
    }
  }
}