{
  "timestamp": "20260626_183210",
  "title": "Scalability n_obj=5 n_comp=8",
  "mode": "big_m",
  "inputs": {
    "num_objectives": 5,
    "objectives": [
      "o_1",
      "o_2",
      "o_3",
      "o_4",
      "o_5"
    ],
    "num_plans": 16,
    "num_comparisons": 8,
    "k": 4
  },
  "model_stats": {
    "num_variables": 495,
    "num_constraints": 1591
  },
  "result": {
    "status": "OPTIMAL",
    "feasible": true,
    "optimal": true,
    "objective_value": 1.0,
    "preorder_size": 1,
    "preorder_edges": [
      [
        "o_3",
        "o_4"
      ]
    ]
  },
  "timing": {
    "construction_time_sec": 0.015811749999999986,
    "solver_time_sec": 0.005600167000000017,
    "total_time_sec": 0.021462459000000017,
    "detailed_intervals": {
      "variable_creation": 0.0010909999999999809,
      "transitivity_constraints": 0.0004740000000000022,
      "y_computation_constraints": 0.01245391600000001,
      "comparison_constraints": 0.0014895420000000104,
      "budget_constraint": 1.3124999999974962e-05,
      "constraint_addition": 0.014431833000000005,
      "total_build": 0.01580224999999999,
      "solver_time": 0.005467750000000021
    }
  }
}