{
  "timestamp": "20260626_183237",
  "title": "Scalability n_obj=10 n_comp=16",
  "mode": "big_m",
  "inputs": {
    "num_objectives": 10,
    "objectives": [
      "o_1",
      "o_2",
      "o_3",
      "o_4",
      "o_5",
      "o_6",
      "o_7",
      "o_8",
      "o_9",
      "o_10"
    ],
    "num_plans": 32,
    "num_comparisons": 16,
    "k": 6
  },
  "model_stats": {
    "num_variables": 3610,
    "num_constraints": 13233
  },
  "result": {
    "status": "OPTIMAL",
    "feasible": true,
    "optimal": true,
    "objective_value": 0.0,
    "preorder_size": 0,
    "preorder_edges": []
  },
  "timing": {
    "construction_time_sec": 0.12485233400000001,
    "solver_time_sec": 0.033920375,
    "total_time_sec": 0.158867667,
    "detailed_intervals": {
      "variable_creation": 0.004504667000000018,
      "transitivity_constraints": 0.0052761660000000266,
      "y_computation_constraints": 0.10652658399999998,
      "comparison_constraints": 0.006580582999999973,
      "budget_constraint": 3.745800000004573e-05,
      "constraint_addition": 0.118421958,
      "total_build": 0.12483212500000002,
      "solver_time": 0.03353595800000003
    }
  }
}