{
  "timestamp": "20260626_181210",
  "title": "Scalability n_obj=15 n_comp=25",
  "mode": "big_m",
  "inputs": {
    "num_objectives": 15,
    "objectives": [
      "o_1",
      "o_2",
      "o_3",
      "o_4",
      "o_5",
      "o_6",
      "o_7",
      "o_8",
      "o_9",
      "o_10",
      "o_11",
      "o_12",
      "o_13",
      "o_14",
      "o_15"
    ],
    "num_plans": 50,
    "num_comparisons": 25
  },
  "model_stats": {
    "num_variables": 12210,
    "num_constraints": 47031
  },
  "result": {
    "status": "OPTIMAL",
    "feasible": true,
    "optimal": true,
    "objective_value": 0.0,
    "preorder_size": 0,
    "preorder_edges": []
  },
  "timing": {
    "construction_time_sec": 0.43744720800000003,
    "solver_time_sec": 0.12528812499999997,
    "total_time_sec": 0.5628994170000001,
    "detailed_intervals": {
      "variable_creation": 0.012359165999999977,
      "transitivity_constraints": 0.020861375000000015,
      "y_computation_constraints": 0.38280250000000005,
      "comparison_constraints": 0.014401333999999988,
      "budget_constraint": 7.875000000001631e-05,
      "constraint_addition": 0.418145375,
      "total_build": 0.43740633300000004,
      "solver_time": 0.12453000000000003
    }
  }
}