{
  "timestamp": "20260626_181209",
  "title": "Scalability n_obj=8 n_comp=13",
  "mode": "big_m",
  "inputs": {
    "num_objectives": 8,
    "objectives": [
      "o_1",
      "o_2",
      "o_3",
      "o_4",
      "o_5",
      "o_6",
      "o_7",
      "o_8"
    ],
    "num_plans": 26,
    "num_comparisons": 13
  },
  "model_stats": {
    "num_variables": 1928,
    "num_constraints": 6811
  },
  "result": {
    "status": "OPTIMAL",
    "feasible": true,
    "optimal": true,
    "objective_value": 0.0,
    "preorder_size": 0,
    "preorder_edges": []
  },
  "timing": {
    "construction_time_sec": 0.06293279199999999,
    "solver_time_sec": 0.019092417000000028,
    "total_time_sec": 0.08210049999999999,
    "detailed_intervals": {
      "variable_creation": 0.002377457999999999,
      "transitivity_constraints": 0.0024748330000000096,
      "y_computation_constraints": 0.053077334000000004,
      "comparison_constraints": 0.003933624999999996,
      "budget_constraint": 2.7957999999994598e-05,
      "constraint_addition": 0.059515208000000014,
      "total_build": 0.06291733299999999,
      "solver_time": 0.018830916000000003
    }
  }
}