{
  "timestamp": "20260625_210638",
  "title": "Scalability n_obj=3 n_comp=5",
  "mode": "big_m",
  "inputs": {
    "num_objectives": 3,
    "objectives": [
      "o_1",
      "o_2",
      "o_3"
    ],
    "num_plans": 10,
    "num_comparisons": 5
  },
  "model_stats": {
    "num_variables": 114,
    "num_constraints": 331
  },
  "result": {
    "status": "OPTIMAL",
    "feasible": true,
    "optimal": true,
    "objective_value": 1.0,
    "preorder_size": 1,
    "preorder_edges": [
      [
        "o_2",
        "o_3"
      ]
    ]
  },
  "timing": {
    "construction_time_sec": 0.014869416999999996,
    "solver_time_sec": 0.007020125000000044,
    "total_time_sec": 0.022028666999999946,
    "detailed_intervals": {
      "variable_creation": 0.0030301249999999946,
      "transitivity_constraints": 0.00026641599999999155,
      "y_computation_constraints": 0.009616417000000044,
      "comparison_constraints": 0.001549124999999929,
      "budget_constraint": 3.733300000008377e-05,
      "constraint_addition": 0.011472707999999998,
      "total_build": 0.014837749999999983,
      "solver_time": 0.006817625000000049
    }
  }
}