{
  "timestamp": "20260626_183237",
  "title": "Scalability n_obj=5 n_comp=8",
  "mode": "big_m",
  "inputs": {
    "num_objectives": 5,
    "objectives": [
      "o_1",
      "o_2",
      "o_3",
      "o_4",
      "o_5"
    ],
    "num_plans": 16,
    "num_comparisons": 8,
    "k": 4
  },
  "model_stats": {
    "num_variables": 495,
    "num_constraints": 1591
  },
  "result": {
    "status": "OPTIMAL",
    "feasible": true,
    "optimal": true,
    "objective_value": 1.0,
    "preorder_size": 1,
    "preorder_edges": [
      [
        "o_3",
        "o_4"
      ]
    ]
  },
  "timing": {
    "construction_time_sec": 0.01555337499999998,
    "solver_time_sec": 0.005311750000000004,
    "total_time_sec": 0.020917416999999994,
    "detailed_intervals": {
      "variable_creation": 0.0011455000000000215,
      "transitivity_constraints": 0.00047279199999999966,
      "y_computation_constraints": 0.012176165999999988,
      "comparison_constraints": 0.0014720840000000124,
      "budget_constraint": 1.262499999998834e-05,
      "constraint_addition": 0.01413466699999999,
      "total_build": 0.015543542000000021,
      "solver_time": 0.005213750000000017
    }
  }
}