{
  "timestamp": "20260626_235336",
  "title": "Scalability n_obj=15 n_comp=25",
  "mode": "big_m",
  "inputs": {
    "num_objectives": 15,
    "objectives": [
      "o_1",
      "o_2",
      "o_3",
      "o_4",
      "o_5",
      "o_6",
      "o_7",
      "o_8",
      "o_9",
      "o_10",
      "o_11",
      "o_12",
      "o_13",
      "o_14",
      "o_15"
    ],
    "num_plans": 50,
    "num_comparisons": 25
  },
  "model_stats": {
    "num_variables": 12210,
    "num_constraints": 47030
  },
  "result": {
    "status": "OPTIMAL",
    "feasible": true,
    "optimal": true,
    "objective_value": 0.0,
    "preorder_size": 0,
    "preorder_edges": []
  },
  "timing": {
    "construction_time_sec": 0.7194765830000001,
    "solver_time_sec": 0.1908807079999999,
    "total_time_sec": 0.910606333,
    "detailed_intervals": {
      "variable_creation": 0.02011258299999996,
      "transitivity_constraints": 0.03300729200000008,
      "y_computation_constraints": 0.6305116659999999,
      "comparison_constraints": 0.024746667000000055,
      "constraint_addition": 0.6882685000000001,
      "total_build": 0.7194127499999999,
      "solver_time": 0.18964324999999982
    }
  }
}