{
  "timestamp": "20260625_210638",
  "title": "Scalability n_obj=15 n_comp=25",
  "mode": "big_m",
  "inputs": {
    "num_objectives": 15,
    "objectives": [
      "o_1",
      "o_2",
      "o_3",
      "o_4",
      "o_5",
      "o_6",
      "o_7",
      "o_8",
      "o_9",
      "o_10",
      "o_11",
      "o_12",
      "o_13",
      "o_14",
      "o_15"
    ],
    "num_plans": 50,
    "num_comparisons": 25
  },
  "model_stats": {
    "num_variables": 12210,
    "num_constraints": 47031
  },
  "result": {
    "status": "OPTIMAL",
    "feasible": true,
    "optimal": true,
    "objective_value": 0.0,
    "preorder_size": 0,
    "preorder_edges": []
  },
  "timing": {
    "construction_time_sec": 0.7301584589999999,
    "solver_time_sec": 0.20126404200000003,
    "total_time_sec": 0.9316807499999997,
    "detailed_intervals": {
      "variable_creation": 0.021750124999999843,
      "transitivity_constraints": 0.03541179200000011,
      "y_computation_constraints": 0.6379507499999999,
      "comparison_constraints": 0.023400291000000184,
      "budget_constraint": 0.00012454200000000526,
      "constraint_addition": 0.696889292,
      "total_build": 0.7300906249999999,
      "solver_time": 0.1998877080000001
    }
  }
}