{
  "timestamp": "20260626_183210",
  "title": "Scalability n_obj=3 n_comp=5",
  "mode": "big_m",
  "inputs": {
    "num_objectives": 3,
    "objectives": [
      "o_1",
      "o_2",
      "o_3"
    ],
    "num_plans": 10,
    "num_comparisons": 5,
    "k": 3
  },
  "model_stats": {
    "num_variables": 114,
    "num_constraints": 331
  },
  "result": {
    "status": "OPTIMAL",
    "feasible": true,
    "optimal": true,
    "objective_value": 1.0,
    "preorder_size": 1,
    "preorder_edges": [
      [
        "o_2",
        "o_3"
      ]
    ]
  },
  "timing": {
    "construction_time_sec": 0.003734292,
    "solver_time_sec": 0.0016326249999999987,
    "total_time_sec": 0.0053998330000000205,
    "detailed_intervals": {
      "variable_creation": 0.0007642079999999885,
      "transitivity_constraints": 8.016700000001986e-05,
      "y_computation_constraints": 0.002380041999999999,
      "comparison_constraints": 0.0004223750000000026,
      "budget_constraint": 7.790999999979231e-06,
      "constraint_addition": 0.0028910000000000047,
      "total_build": 0.003725124999999996,
      "solver_time": 0.0015827079999999882
    }
  }
}